{"entities":{"pages":{"Introduction-to-Active-Response-in-Cybersecurity":{"id":"Introduction-to-Active-Response-in-Cybersecurity","title":"Introduction to Active Response in Cybersecurity","url":"introduction-to-active-response-in-cybersecurity.html","level":0,"tabIndex":0},"Role-of-Wazuh-SIEM-and-XDR-Platform":{"id":"Role-of-Wazuh-SIEM-and-XDR-Platform","title":"Role of Wazuh SIEM and XDR Platform","url":"role-of-wazuh-siem-and-xdr-platform.html","level":0,"tabIndex":1},"Introduction-to-Invinsense-Custom-Active-Response-Module":{"id":"Introduction-to-Invinsense-Custom-Active-Response-Module","title":"Introduction to Invinsense Custom Active Response Module","url":"introduction-to-invinsense-custom-active-response-module.html","level":0,"tabIndex":2},"Work-Flow":{"id":"Work-Flow","title":"Work Flow","url":"work-flow.html","level":0,"tabIndex":3},"Types-of-Custom-Active-Responses":{"id":"Types-of-Custom-Active-Responses","title":"Types of Custom Active Responses","url":"types-of-custom-active-responses.html","level":0,"tabIndex":4},"Isolation":{"id":"Isolation","title":"What is Isolation? How it works?","url":"isolation.html","level":0,"tabIndex":5},"Unisolation":{"id":"Unisolation","title":"What is Unisolation? How it works?","url":"unisolation.html","level":0,"tabIndex":6},"What-is-Quick-Scan-How-it-works":{"id":"What-is-Quick-Scan-How-it-works","title":"What is Quick Scan? How it works?","url":"what-is-quick-scan-how-it-works.html","level":0,"tabIndex":7},"What-is-Full-Scan-How-it-works":{"id":"What-is-Full-Scan-How-it-works","title":"What is Full Scan? How it works?","url":"what-is-full-scan-how-it-works.html","level":0,"tabIndex":8},"What-is-Block-Domain-How-it-works":{"id":"What-is-Block-Domain-How-it-works","title":"What is Block Domain? How it works?","url":"what-is-block-domain-how-it-works.html","level":0,"tabIndex":9},"What-is-Block-USB-How-it-works":{"id":"What-is-Block-USB-How-it-works","title":"What is Block USB? How it works?","url":"what-is-block-usb-how-it-works.html","level":0,"tabIndex":10},"What-is-Unblock-USB-How-it-works":{"id":"What-is-Unblock-USB-How-it-works","title":"What is Unblock USB? How it works?","url":"what-is-unblock-usb-how-it-works.html","level":0,"tabIndex":11}}},"topLevelIds":["Introduction-to-Active-Response-in-Cybersecurity","Role-of-Wazuh-SIEM-and-XDR-Platform","Introduction-to-Invinsense-Custom-Active-Response-Module","Work-Flow","Types-of-Custom-Active-Responses","Isolation","Unisolation","What-is-Quick-Scan-How-it-works","What-is-Full-Scan-How-it-works","What-is-Block-Domain-How-it-works","What-is-Block-USB-How-it-works","What-is-Unblock-USB-How-it-works"]}